"Titre","Alias","Corps","Chapo","Langue","DateStart","DateEnd","Lieu"
"Sed consectetur imperdiet sagittis (generated)","/evenement/sed-consectetur-imperdiet-sagittis-generated","Quisque varius faucibus ante. Praesent sit amet sagittis felis. Vivamus aliquet, enim et pharetra eleifend, sapien nulla varius nunc, volutpat imperdiet turpis ipsum sit amet dui. Maecenas et vestibulum urna. Pellentesque vel tincidunt nunc. Nam placerat eget ex vitae convallis. Aenean mattis diam quis volutpat tincidunt. Aliquam cursus mauris eu metus iaculis, eu suscipit lorem auctor. Phasellus sit amet neque eu magna lobortis accumsan. Sed feugiat vulputate lacus semper tempor.
Cras pulvinar ipsum malesuada nisi facilisis semper. In accumsan est in lorem placerat, ac luctus diam auctor. Morbi semper dapibus nisl vel commodo. Maecenas commodo commodo sem sed pharetra. Nam consequat odio eu lorem varius posuere. Integer laoreet tortor nec odio pretium ullamcorper. Vestibulum tempor convallis lectus sit amet faucibus. Nulla consectetur ex quis blandit consequat. Nulla eget nisl ut lorem commodo auctor. Curabitur accumsan, est in luctus dignissim, dui eros finibus elit, at porttitor nunc erat iaculis metus. Integer mollis placerat molestie. Morbi laoreet egestas turpis, vitae tempus justo pellentesque vel. Aenean porta ex tempus turpis auctor rutrum.
In fringilla viverra magna nec pretium. Aliquam id pretium mi, quis maximus odio. Donec tempus at est a pharetra. Proin malesuada in turpis sed eleifend. Nam quis luctus tellus. Mauris nec quam sit amet eros finibus dignissim. Nunc volutpat aliquet dictum. Suspendisse vitae commodo ex. Etiam tristique enim ut dictum malesuada. In at odio lacinia, fringilla odio et, finibus purus. Cras consectetur tortor nisi, nec efficitur leo dictum at. Nam id velit sit amet felis consequat ultricies. Nunc rhoncus tortor consequat dictum gravida. Vivamus hendrerit tempor risus, non convallis ex varius sit amet.
","In accumsan est in lorem placerat, ac luctus diam auctor. Morbi semper dapibus nisl vel commodo. Maecenas commodo commodo sem sed pharetra. Nam consequat odio eu lorem varius posuere. Integer laoreet tortor nec odio pretium ullamcorper. Vestibulum tempor convallis lectus sit amet faucibus.
","Français","2014-09-15 10:00:00 - 2014-09-16 13:00:00","2014-09-15 10:00:00 - 2014-09-16 13:00:00",""
"Vivamus egestas eleifend libero (generated)","/evenement/vivamus-egestas-eleifend-libero-generated","Curabitur placerat laoreet ex quis blandit. Quisque consectetur, metus vel rutrum posuere, magna turpis blandit nisl, ut efficitur urna augue ut tortor. Ut vel bibendum neque. Pellentesque volutpat, sem eu dignissim egestas, felis eros sagittis libero, vel pharetra velit risus congue turpis. Fusce id diam congue, laoreet metus sed, aliquet elit. Aliquam erat volutpat. Aliquam volutpat blandit ligula sit amet euismod. Duis nec augue at ante sagittis vulputate vitae non dui. Ut ultricies vestibulum dolor, a consectetur eros bibendum ac. Maecenas at ex enim. Aenean in blandit arcu. Nam malesuada neque nunc, vitae suscipit lacus porta vitae. Aliquam eros erat, maximus dapibus metus eu, auctor tempor eros. Maecenas sit amet sem risus. Nam semper posuere lorem sed molestie. Pellentesque vitae faucibus tellus. Proin dignissim eget nulla non fringilla. Ut eget hendrerit purus. Etiam quis quam fermentum, dignissim tortor ut, suscipit lacus. Sed aliquet sapien id pellentesque iaculis. Aliquam placerat feugiat lorem nec eleifend. Quisque blandit volutpat nibh a placerat. Pellentesque efficitur ullamcorper consequat. Praesent vulputate tempor lacus, quis tempor elit lobortis suscipit. Sed vel arcu id ante facilisis ornare quis sit amet lectus. Morbi pulvinar tortor at augue elementum, sed convallis lorem dictum. Nullam faucibus hendrerit tellus, sed ultrices purus gravida vitae. Vivamus tellus justo, ultrices non malesuada id, ullamcorper et mi. Cras faucibus maximus diam, eget scelerisque velit consequat quis. Praesent a lorem sapien. Pellentesque euismod metus quis viverra sodales. Proin blandit turpis lacus, in facilisis nisi sollicitudin vitae. Vestibulum ante ipsum primis in faucibus orci luctus et ultrices posuere cubilia Curae; Donec pulvinar felis a purus luctus semper. Phasellus dictum dolor ligula, non consectetur massa tempor sit amet. Nullam rutrum ex in urna placerat, vel facilisis augue feugiat. Sed in erat nisl. Etiam auctor fringilla dolor vel varius. Maecenas quis dapibus est, ut lacinia arcu. Mauris eget diam sed leo aliquam convallis nec dignissim odio. Aliquam eget massa neque.
","Maecenas pharetra lectus non risus dictum porta. Interdum et malesuada fames ac ante ipsum primis in faucibus. Interdum et malesuada fames ac ante ipsum primis in faucibus. Praesent fermentum lacinia porta. Suspendisse ac risus in massa porta sollicitudin id sed nisl. Etiam et commodo ex. Morbi nec massa eget ipsum dignissim rhoncus nec ac tortor. Praesent sagittis est nibh, id dapibus elit bibendum at.
","Français","2014-02-05 13:00:00 - 2014-02-05 15:30:00","2014-02-05 13:00:00 - 2014-02-05 15:30:00","Nantes
"
"Évènement de test complet (generated)","/evenement/%C3%A9v%C3%A8nement-de-test-complet-generated","Ut sit amet sem sed turpis aliquam commodo a nec ante. Etiam tempor, mi id vulputate cursus, mauris leo ullamcorper eros, at vulputate libero massa eu enim. Donec quam nisl, porttitor non orci id, finibus pulvinar felis. Aenean fringilla cursus eros eu ultricies. Nulla iaculis massa eget tempor blandit. Etiam risus ligula, pulvinar at placerat eget, hendrerit sed leo. Cras sollicitudin metus id enim sollicitudin dapibus. Maecenas augue nunc, hendrerit sit amet consectetur quis, placerat in purus. Sed quis est odio. Fusce ut sapien sit amet justo imperdiet vulputate. Integer sodales velit ac ipsum tincidunt ultrices. Maecenas fringilla ante euismod diam ornare, malesuada vestibulum dui maximus.

Sed laoreet, ex sed dictum finibus, lacus leo consequat mauris, sed euismod massa erat eu turpis. Phasellus faucibus purus eu nunc congue lacinia nec at nulla

Proin hendrerit erat nec lacus faucibus, ut scelerisque ante faucibus. Suspendisse quis mi elementum, rutrum lectus consequat, finibus orci. Pellentesque at metus a turpis hendrerit feugiat vel et leo. Praesent purus massa, varius vitae neque vitae, sagittis ornare nisl. Nulla tristique eget dolor nec consectetur. Etiam gravida diam neque, id hendrerit sapien varius non. Curabitur mi tellus, rhoncus ac lacus in, malesuada accumsan tortor. Aliquam eget tempor ante. Nulla eleifend hendrerit orci, sed gravida velit dapibus non. Donec iaculis metus et consectetur tristique. In tellus ex, egestas eu nibh in, mollis gravida enim. Nunc sem nisi, luctus eget consequat sit amet, fermentum non orci. Morbi at ante fermentum, sollicitudin eros vitae, posuere dolor. Integer vel mi quam. Aenean dapibus turpis vitae metus sagittis, eget tincidunt risus vehicula.
","""Ede semper est, vitae luctus metus liberto ou augue. Morb sipo ipiscing, commodo quis, gravida. Curabitur tempus sed lectus sed aliquam."" Suspendisse potenti. Integer justo nunc, lacinia faucibus facilisis sed, aliquet et libero. Vestibulum ut eros iaculis elit accumsan euismod.
","Français","2015-04-13 09:45:00 - 2015-04-13 14:45:00","2015-04-13 09:45:00 - 2015-04-13 14:45:00","Mauris cursus ligula vitae augue porttitor auctor. Quisque eleifend sapien eros. Donec tincidunt elit at condimentum facilisis. Curabitur scelerisque ut nibh non maximus.
Duis eu euismod metus. Proin ornare massa augue, nec egestas tellus ultricies sed. Curabitur consectetur justo arcu, sed efficitur mauris imperdiet at. Duis convallis viverra consequat.
"
"Soirée de Noël (generated)","/evenement/soir%C3%A9e-de-no%C3%ABl-generated","","Duis nec magna egestas, ultrices metus eget, tincidunt velit. Vestibulum ante ipsum primis in faucibus orci luctus et ultrices posuere cubilia Curae; Nulla quis luctus augue.
","Français","2014-12-24 19:00:00 - 2014-12-24 22:45:00","2014-12-24 19:00:00 - 2014-12-24 22:45:00",""
