"Titre","Alias","Adresse","Publié","Langue","Publié","Vocabulaire"
"404","/404","","","Français","Oui",""
"Contact","/contact","16 mail Pablo Picasso 44000 Nantes","Aenean nec tellus eget massa finibus facilisis. Aenean dignissim hendrerit lorem vitae laoreet. In hac habitasse platea dictumst. Proin a dignissim orci. Quisque ligula odio, scelerisque sed porttitor quis, convallis quis nisl. Nulla a neque tempor, auctor lacus vitae, rhoncus nunc. Suspendisse ac molestie odio. Maecenas bibendum maximus nibh non dapibus. Nulla facilisi. Mauris sagittis purus lectus, a fringilla dolor mollis quis.
Fusce eget tempus diam. Vivamus fermentum scelerisque ante placerat fermentum. Nulla facilisi. Integer et sem neque. Mauris eget urna elit. Integer tincidunt facilisis fermentum. Duis ut augue non magna feugiat lacinia at et odio. Morbi tincidunt urna non pellentesque tempor. Nunc sollicitudin nunc sed pulvinar ultricies. Nunc quis orci diam. Integer dui ante, aliquam at est ut, semper egestas risus. Nullam mollis imperdiet lacus, eget sodales metus finibus porta. Nunc pellentesque dapibus sem eget suscipit. Maecenas at nulla euismod, vehicula eros at, faucibus elit. Pellentesque quis maximus velit. Integer maximus interdum malesuada.
","Français","Oui",""
"Qui sommes-nous ?","/qui-sommes-nous","","Lorem ipsum dolor sit amet, consectetur adipiscing elit. Morbi feugiat viverra rhoncus. Praesent enim metus, eleifend in condimentum ac, tristique id erat. Fusce sed ipsum semper, laoreet purus id, scelerisque leo. Nam commodo dignissim elit ac volutpat. Ut quis hendrerit ex. Etiam a lobortis mi. Maecenas ornare mi vitae posuere hendrerit.
Aenean aliquet efficitur consequat. Aenean quis mauris ac enim facilisis ullamcorper. Morbi ut lacus nulla. Nunc elementum maximus dui a eleifend. Nunc id erat est. Ut lorem felis, interdum quis volutpat a, mollis vel lorem. Fusce non odio orci. Quisque non purus sit amet metus varius scelerisque. Nullam gravida ante ut lectus vestibulum tempus. In porta ornare auctor. Integer finibus nisi eget augue egestas, ac convallis mauris laoreet.
Etiam id dolor dictum, aliquet libero et, ornare leo. Nam in vehicula sem. Duis varius pharetra aliquet. Quisque faucibus ullamcorper neque, eu viverra elit tempus non. Aenean hendrerit nunc ut lacus scelerisque consequat. Sed suscipit nulla vulputate pellentesque semper. Ut lobortis dictum tempor. Aliquam erat volutpat. Ut nisl justo, semper nec pellentesque eu, tempor ut sapien. Nunc mi justo, ornare vitae porta sit amet, maximus nec mi. Suspendisse tempus nisl nunc, ac fringilla dui vulputate ac. Etiam ultricies lacus sem, non facilisis odio ultrices id. Nam dapibus a orci sit amet vulputate. Aliquam mattis sapien sit amet metus vulputate commodo. Ut vel tellus sapien. Praesent mollis aliquam nulla, vitae finibus ligula molestie id.

Integer vehicula sed dolor non tempus. Mauris ac ornare ligula. In nec suscipit augue. Vestibulum sagittis efficitur tellus, quis dapibus tortor feugiat vitae. Ut tincidunt nec erat eget dignissim. Vestibulum ante ipsum primis in faucibus orci luctus et ultrices posuere cubilia Curae; Suspendisse vehicula ligula eu erat cursus, ut venenatis dui tincidunt. Etiam posuere mauris eu finibus mattis. Fusce vitae elit sed urna maximus rhoncus.

Vestibulum a posuere dolor. Sed non arcu dui. Pellentesque habitant morbi tristique senectus et netus et malesuada fames ac turpis egestas. Aenean congue turpis eget dignissim pellentesque. Etiam tincidunt elit nunc, id cursus risus ultricies et. Cum sociis natoque penatibus et magnis dis parturient montes, nascetur ridiculus mus. Pellentesque placerat ligula mauris, non mollis eros laoreet vel. Sed dictum vel mi nec viverra. Suspendisse id gravida orci, ut interdum ipsum. Maecenas laoreet facilisis dui et pellentesque. Quisque gravida, libero non sollicitudin dignissim, leo nibh feugiat sapien, mattis vestibulum urna ipsum ut sapien. Fusce quam eros, porta in eleifend quis, vulputate nec lacus.
","Français","Oui",""
"Politique d'accessibilité","/politique-daccessibilit%C3%A9","","","Français","Oui",""
"Mentions légales","/mentions-l%C3%A9gales","","","Français","Oui",""
"403","/403","","","Français","Oui",""
"Thèmes","/theme","","","Français","Oui","Theme"
